link,rec1,rec2,rec3,rec4,rec5
/nl/nl/p/the-politics-of-fat/9200000065342789/,/nl/nl/p/fighting-fat/9200000100469232/,/nl/nl/p/fat-nation/9200000100516444/,/nl/nl/p/fat-wars/9200000035725998/,/nl/nl/p/what-s-wrong-with-fat/9200000034149455/,
/nl/nl/p/feeding-made-easy/9200000002900430/,/nl/nl/p/the-new-contented-little-baby-book/9200000005237197/,/nl/nl/p/de-tevreden-baby/9200000015354924/,/nl/nl/p/baby-dreumes-0-2-jaar/9200000101887216/,/nl/nl/p/easybaby-flesvoeding-apparaat-baby-senseo-baby-fles-maker-flessenwarmer-flesverwarmer/9300000019381197/,
/nl/nl/p/het-glutengevaar/9200000108570576/,/nl/nl/p/grain-brain/9200000096369321/,/nl/nl/p/the-mind-gut-connection/9200000064818543/,/nl/nl/p/de-darm-denkt-mee/1001004011496825/,/nl/nl/p/brain-maker/9200000036236504/,
/nl/nl/p/voeding-is-geen-medicijn/9300000064448730/,/nl/nl/p/food-isn-t-medicine/9200000131969252/,/nl/nl/p/food-isn-t-medicine/9300000024239862/,/nl/nl/p/voeding-is-geen-medicijn/9300000069230927/,/nl/nl/p/intuitief-eten/9300000023544466/,
/nl/nl/p/the-immunity-fix/9300000017096365/,/nl/nl/p/the-complete-guide-to-fasting/9200000033675860/,/nl/nl/p/the-obesity-code/9200000055686971/,/nl/nl/p/the-salt-fix/9200000074353314/,/nl/nl/p/life-in-the-fasting-lane/9200000109506225/,
/nl/nl/p/glucose-revolutie/9300000062914818/,/nl/nl/p/glucose-revolution/9300000070564407/,/nl/nl/p/glucose-revolution/9300000095650601/,/nl/nl/p/glucose-revolution/9300000043898573/,/nl/nl/p/glucose-revolution/9300000047684927/,
/nl/nl/p/the-plant-based-power-plan/9300000000441796/,/nl/nl/p/the-plant-based-power-plan/9300000005802905/,/nl/nl/p/eet-als-een-atleet/9200000079245155/,/nl/nl/p/the-blue-zones-solution/9200000031392376/,/nl/nl/p/no-meat-athlete-revised-and-expanded/9200000089819770/,
/nl/nl/p/science-of-strength-training/9300000031410528/,/nl/nl/p/krachttraining/1001004010937413/,/nl/nl/p/strength-training-anatomy/1001004008195431/,/nl/nl/p/the-world-s-fittest-book/9200000085201899/,/nl/nl/p/my-shredded-lifestyle/9200000080561494/,
/nl/nl/p/de-enzymfactor/9200000011886088/,/nl/nl/p/enzyme-factor-2/9200000016170146/,/nl/nl/p/the-rejuvenation-enzyme/1001004011327856/,/nl/nl/p/enzymes-enzyme-therapy/1001004000977863/,/nl/nl/p/metabolic-approach-to-cancer-the/9200000110522322/,
/nl/nl/p/prevent-and-reverse-heart-disease-cookbook/9200000025773231/,/nl/nl/p/prevent-and-reverse-heart-disease-the-revolutionary-scientifically-proven-nutrition-based-cure/1001004003017776/,/nl/nl/p/the-china-study/9200000057987829/,/nl/nl/p/dr-dean-ornish-s-program-for-reversing-heart-disease/1001004000848889/,/nl/nl/p/hoe-overleef-je/9200000083484318/,
/nl/nl/p/summary-of-eat-dirt/9200000107249461/,/nl/nl/p/let-them-eat-dirt/9200000082960479/,/nl/nl/p/eat-to-beat-illness/9200000103660333/,/nl/nl/p/intestinal-health/9200000046085094/,/nl/nl/p/let-them-eat-dirt/9200000063438464/,
/nl/nl/p/the-keto-vegan/9200000108759885/,/nl/nl/p/vegetarisch-koolhydraatarm-en-glutenvrij/9200000040774460/,/nl/nl/p/ketotarian/9200000089534907/,/nl/nl/p/het-complete-keto-dieet-kookboek/9200000112406267/,/nl/nl/p/vegetarische-koolhydraatarm-eten-zo-doe-je-dat-vega-startgids/9200000074911611/,
/nl/nl/p/superlife/9200000032250335/,/nl/nl/p/how-not-to-die/9200000080435584/,/nl/nl/p/superlife/9200000050119917/,/nl/nl/p/samenvatting-van-superlife-door-darin-olien-de-5-eenvoudige-oplossingen-die-u-gezond-fit-en-eeuwig-geweldig-maken/9300000075104752/,/nl/nl/p/atomic-habits/9200000075132383/,
/nl/nl/p/voel-je-beter-in-5/9300000016726673/,/nl/nl/p/the-4-pillar-plan-how-to-relax-eat-move-and-sleep-your-way-to-a-longer-healthier-life/9200000079742391/,/nl/nl/p/feel-better-in-5/9200000116339978/,/nl/nl/p/the-stress-solution/9200000095626342/,/nl/nl/p/feel-great-lose-weight/9300000005567943/,
/nl/nl/p/roar/9200000059105096/,/nl/nl/p/de-cyclus-strategie/9200000113079683/,/nl/nl/p/period-power/9200000095682273/,/nl/nl/p/powervrouw-bundel-1-powervrouw-bundel/9300000044040017/,/nl/nl/p/power-body/9200000072476009/,
/nl/nl/p/complete-calisthenics/9200000126238932/,/nl/nl/p/overcoming-gravity-schwerkraft-uberwinden/9200000089137441/,/nl/nl/p/calisthenics-training-for-beginners/9200000046313371/,/nl/nl/p/complete-calisthenics-second-edition/9200000108813816/,/nl/nl/p/bodyweight-strength-training-anatomy/9200000011682224/,
/nl/nl/p/salt-sugar-fat-how-the-food-giants-hooked-us/9200000021813839/,/nl/nl/p/salt-sugar-fat/9200000110881847/,/nl/nl/p/zout-suiker-vet/9200000015494187/,/nl/nl/p/hooked/9200000079549811/,/nl/nl/p/hooked/9300000005302022/,
/nl/nl/p/how-not-to-die/9200000080435584/,/nl/nl/p/whole/9200000018220153/,/nl/nl/p/the-china-study-revised-and-expanded-edition/9200000072607833/,/nl/nl/p/the-starch-solution/9200000010104754/,/nl/nl/p/the-china-study-cookbook/9200000077848196/,
/nl/nl/p/the-vegetarian-guide-to-diet-and-salad/1001004006585045/,/nl/nl/p/the-juice-lover-s-big-book-of-juices/9200000058894270/,/nl/nl/p/juicing-bible/1001004005728915/,/nl/nl/p/colon-health/1001004001482048/,/nl/nl/p/the-natural-way-to-vibrant-health/1001004006585046/,
/nl/nl/p/comida-mexicana/9300000015909530/,/nl/nl/p/vegan-mexico/9200000057263290/,/nl/nl/p/salud-vegan-mexican-cookbook-150-mouthwatering-recipes-from-tamales-to-churros/9200000069554012/,/nl/nl/p/the-lotus-and-the-artichoke-india/9200000087046378/,/nl/nl/p/the-vegan-taste-of-mexico/1001004001298606/,
/nl/nl/p/the-power-of-your-metabolism/9200000033788492/,/nl/nl/p/de-kracht-van-uw-metabolisme/9200000055523730/,/nl/nl/p/emporio-armani-heritage-armband-rosegoud/9200000118130280/,/nl/nl/p/diabetes-sin-problemas-el-control-de-la-diabetes-con-la-ayuda-del-poder-del-metabolismo/9200000040449481/,/nl/nl/p/diabetes-sin-problemas/9200000093501516/,
/nl/nl/p/hoe-overleef-je/9200000083484318/,/nl/nl/p/the-how-not-to-die-cookbook/9200000096190334/,/nl/nl/p/how-not-to-die-discover-the-foods-scientifically-proven-to-prevent-and-reverse-disease/9200000046252979/,/nl/nl/p/hoe-overleef-je-kookboek/9200000087012910/,/nl/nl/p/how-not-to-die/9200000046410410/,
/nl/nl/p/homakase/9300000017952929/,/nl/nl/p/al-fresco-inspired-ideas-for-outdoor-living/9300000042307213/,/nl/nl/p/charcuterie/9300000048146196/,/nl/nl/p/we-are-what-we-eat/9300000019454788/,/nl/nl/p/the-pastry-chef-handbook-la-patisserie-de-reference/9300000047404993/,
/nl/nl/p/ketotarian/9200000089534907/,/nl/nl/p/vegan-keto/9200000090970097/,/nl/nl/p/vegetarisch-koolhydraatarm-en-glutenvrij/9200000040774460/,/nl/nl/p/keto-for-vegetarians/9200000128840223/,/nl/nl/p/the-keto-vegan/9200000108759885/,
/nl/nl/p/gluten-freedom/9200000008613392/,/nl/nl/p/lactose-gluten-en-co/9200000104756444/,/nl/nl/p/500-glutenvrije-gerechten/9200000005798163/,/nl/nl/p/gut-feelings/9300000005300969/,/nl/nl/p/grain-brain/9200000096369321/,
/nl/nl/p/overcoming-multiple-sclerosis/9200000073272384/,/nl/nl/p/multiple-sclerosis-fifth-edition/9200000082799633/,/nl/nl/p/recovering-from-multiple-sclerosis/9200000073274342/,/nl/nl/p/multiple-sclerosis/9200000033401091/,/nl/nl/p/multiple-sclerosis-for-dummies/9200000005462293/,
/nl/nl/p/the-whole-9-months/9200000056558886/,/nl/nl/p/mama-baas-eten-als-je-zwanger-bent/9200000085145145/,/nl/nl/p/oh-baby/9200000095300967/,/nl/nl/p/fit-en-gezond-tijdens-en-na-je-zwangerschap/9200000114381962/,/nl/nl/p/the-mama-natural-week-by-week-guide-to-pregnancy-and-childbirth/9200000065328600/,
/nl/nl/p/age-becomes-us/9300000016483191/,/nl/nl/p/age-proof/9300000042934252/,/nl/nl/p/breaking-the-age-code/9300000044678847/,/nl/nl/p/age-later/9200000124085097/,/nl/nl/p/how-to-age/9200000022951560/,
/nl/nl/p/fiber-fueled/9300000001109987/,/nl/nl/p/dein-bauch-macht-dich-gesund/9300000016052519/,/nl/nl/p/food-body-mind/9200000132860053/,/nl/nl/p/gut-the-inside-story-of-our-body-s-most-under-rated-organ/9200000057041814/,/nl/nl/p/vol-energie-met-vezels/9300000018466805/,
/nl/nl/p/the-better-brain/9300000004835673/,/nl/nl/p/food-body-mind/9300000008061976/,/nl/nl/p/this-is-your-brain-on-food-an-indispensible-guide-to-the-surprising-foods-that-fight-depression-anxiety-ptsd-ocd-adhd-and-more/9200000126720838/,/nl/nl/p/brain-fables/9200000132860559/,/nl/nl/p/finally-focused/9200000064027772/,
/nl/nl/p/feel-better-in-5-your-daily-plan-to-feel-great-for-life/9200000116024738/,/nl/nl/p/voel-je-beter-in-5/9300000016726673/,/nl/nl/p/the-4-pillar-plan-how-to-relax-eat-move-and-sleep-your-way-to-a-longer-healthier-life/9200000079742391/,/nl/nl/p/the-stress-solution/9200000095646258/,/nl/nl/p/feel-great-lose-weight/9300000005578627/,
/nl/nl/p/sugar-shock/9200000119975100/,/nl/nl/p/get-off-your-sugar/9300000002147814/,/nl/nl/p/little-sugar-addicts/1001004002202917/,/nl/nl/p/becoming-sugar-free/9300000036618596/,/nl/nl/p/the-sugar-smart-diet/9200000015341901/,
/nl/nl/p/de-dr-ludidi-vastenmethode/9200000101929915/,/nl/nl/p/de-dr-ludidi-vastenmethode/9200000102170027/,/nl/nl/p/intermittent-fasting-doe-je-zo/9300000016762354/,/nl/nl/p/foodsisters-intermittent-fasting/9200000108549181/,/nl/nl/p/intermittent-fasting/9200000115140336/,
/nl/nl/p/vegan-keto/9200000090970097/,/nl/nl/p/the-keto-vegan/9200000108759885/,/nl/nl/p/ketotarian/9200000089534907/,/nl/nl/p/the-essential-vegetarian-keto-cookbook/9200000098958050/,/nl/nl/p/vegetarisch-koolhydraatarm-en-glutenvrij/9200000040774460/,
/nl/nl/p/the-kid-friendly-adhd-autism-cookbook-3rd-edition-the-ultimate-guide-to-the-most-effective-diets-what-they-are-why-they-work-how-to-do-them/9200000092441960/,/nl/nl/p/het-kookboek-van-een-adhd-er/9300000007938924/,/nl/nl/p/healing-add/9200000011698097/,/nl/nl/p/the-a-d-d-nutrition-solution/9200000012246274/,/nl/nl/p/the-adhd-and-autism-nutritional-supplement-handbook/9200000056487891/,
/nl/nl/p/cleaning-up-your-mental-mess-5-simple-scientifically-proven-steps-to-reduce-anxiety-stress-and-toxic-thinking/9300000004631858/,/nl/nl/p/switch-on-your-brain-the-key-to-peak-happiness-thinking-and-health/9200000031673670/,/nl/nl/p/think-and-eat-yourself-smart/9200000077598581/,/nl/nl/p/the-perfect-you/9200000095107307/,/nl/nl/p/cleaning-up-your-mental-mess/9300000005797453/,
/nl/nl/p/healing-the-thyroid-with-ayurveda/9200000098391691/,/nl/nl/p/thyroid-healing/9200000098023793/,/nl/nl/p/de-schildklier/9300000009688543/,/nl/nl/p/east-by-west/9200000085931361/,/nl/nl/p/hashimoto-s-protocol/9200000060255872/,
/nl/nl/p/how-not-to-die/9200000080435584/,/nl/nl/p/how-not-to-die-discover-the-foods-scientifically-proven-to-prevent-and-reverse-disease/9200000046252979/,/nl/nl/p/hoe-overleef-je/9200000083484318/,/nl/nl/p/the-how-not-to-die-cookbook/9200000096190334/,/nl/nl/p/how-not-to-die/9200000046410410/,
/nl/nl/p/why-we-eat/9200000120311825/,/nl/nl/p/leefstijl-als-medicijn-het-ssd-plan/9200000104885046/,/nl/nl/p/how-not-to-die/9200000080435584/,/nl/nl/p/fat-chance/9200000011379828/,/nl/nl/p/voeding-bij-gezondheid-en-ziekte/9300000022540826/,
/nl/nl/p/the-lotus-and-the-artichoke-mexico/9200000028295039/,/nl/nl/p/the-lotus-and-the-artichoke-sri-lanka/9200000045601754/,/nl/nl/p/the-lotus-and-the-artichoke/9200000014622633/,/nl/nl/p/the-lotus-and-the-artichoke-india/9200000087046378/,/nl/nl/p/the-curry-guy-compleet/9300000003881853/,
/nl/nl/p/this-book-could-save-your-life/9200000121570404/,/nl/nl/p/this-book-could-save-your-life/9300000006152766/,/nl/nl/p/invisible-china-how-the-urban-rural-divide-threatens-china-s-rise/9200000131998034/,/nl/nl/p/homes-a-book-will-save-your-live/1001004004839056/,/nl/nl/p/the-laws-of-manifestation/1001004006311436/,
/nl/nl/p/you-are-enough/9200000108124564/,/nl/nl/p/the-body-image-book-for-girls/9200000124454976/,/nl/nl/p/you-are-enough/9300000021542587/,/nl/nl/p/it-isn-t-rude-to-be-nude/9300000004301208/,/nl/nl/p/yoga-and-eating-disorders/9200000057924935/,
/nl/nl/p/becoming-breatharian/9300000007208641/,/nl/nl/p/leven-van-licht-liefde/9200000122665230/,/nl/nl/p/magick-for-beginners-living-on-prana/9200000112403137/,/nl/nl/p/het-nieuwe-veld/1001004007167254/,/nl/nl/p/wonderen-door-pranic-healing/9200000020096255/,
/nl/nl/p/the-clear-skin-diet/9200000081595972/,/nl/nl/p/cleanse-to-heal/9300000033536939/,/nl/nl/p/the-acne-diet-holistic-plan-to-achieve-clear-youthful-acne-free-skin-with-natural-nutrition-stress-relief-and-organic-skincare/9200000008117970/,/nl/nl/p/detox-je-huid/9200000051724508/,/nl/nl/p/medical-medium-cleanse-to-heal/9200000114395965/,
/nl/nl/p/defending-beef/9200000027603825/,/nl/nl/p/nourishment/9200000092730697/,/nl/nl/p/growing-a-revolution/9200000083025115/,/nl/nl/p/the-organic-medicinal-herb-farmer/9200000037376176/,/nl/nl/p/the-vegetarian-myth/1001004007152802/,
/nl/nl/p/the-ultimate-guide-to-eating-for-longevity/9200000099040477/,/nl/nl/p/eat-to-live/1001004010612113/,/nl/nl/p/the-end-of-diabetes/9200000017923995/,/nl/nl/p/dr-neal-barnard-s-program-for-reversing-diabetes/9200000077174739/,/nl/nl/p/eat-to-live-quick-and-easy-cookbook/9200000071965523/,
/nl/nl/p/salt-sugar-fat/9200000017358617/,/nl/nl/p/zout-suiker-vet/9200000015494187/,/nl/nl/p/salt-sugar-fat/9200000110881847/,/nl/nl/p/hooked/9200000079549811/,/nl/nl/p/hooked/9200000087283430/,
/nl/nl/p/500-sappen-smoothies/1001004006409006/,/nl/nl/p/500-groene-sappen-smoothies/9200000040774572/,/nl/nl/p/the-green-kitchen-smoothies/9200000057347577/,/nl/nl/p/nutribullet-juice-re-use-receptenboek-sapcentrifuge-recepten-slowjuicer-recepten/9300000051936025/,/nl/nl/p/juiceman/9200000046610969/,
/nl/nl/p/the-truth-about-covid-19-exposing-the-great-reset-lockdowns-vaccine-passports-and-the-new-normal/9300000024973098/,/nl/nl/p/the-truth-about-covid-19/9300000037115048/,/nl/nl/p/effortless-healing/9200000033330273/,/nl/nl/p/upgrade-your-immunity-with-herbs/9300000024137243/,/nl/nl/p/freedom-at-your-fingertips/9200000009812463/,
/nl/nl/p/the-good-skin-solution-natural-healing-for-eczema-psoriasis-rosacea-and-acne/9200000073799584/,/nl/nl/p/the-rosacea-acne-natural-remedy/9200000045302074/,/nl/nl/p/rosacea-diet/1001004001763823/,/nl/nl/p/rosacea-101/9200000033028773/,/nl/nl/p/rosacea-101/1001004005707744/,
/nl/nl/p/eat-dirt/9200000050722750/,/nl/nl/p/eat-dirt/9200000050607766/,/nl/nl/p/body-on-fire/9300000008752732/,/nl/nl/p/faster-higher-stronger/9200000039298356/,/nl/nl/p/glow15/9200000084472927/,
/nl/nl/p/covid-operation/9300000014772411/,/nl/nl/p/lifestyle-medicine/9200000066146804/,/nl/nl/p/how-indians-use-wild-plants-for-food-medicine-and-crafts/1001004000672345/,/nl/nl/p/the-end-of-dieting/9200000040274292/,/nl/nl/p/super-immunity/9200000002069727/,
/nl/nl/p/how-not-to-die/9200000080435584/,/nl/nl/p/hoe-overleef-je/9200000083484318/,/nl/nl/p/how-not-to-die-discover-the-foods-scientifically-proven-to-prevent-and-reverse-disease/9200000046252979/,/nl/nl/p/rijke-pa-arme-pa/9200000010683284/,/nl/nl/p/meer-door-minder/9200000059982977/,
/nl/nl/p/the-spectrum/1001004006448449/,/nl/nl/p/eat-more-weigh-less/1001004000924247/,/nl/nl/p/prevent-and-reverse-heart-disease-cookbook/9200000025773231/,/nl/nl/p/dr-dean-ornish-s-program-for-reversing-heart-disease/1001004000848889/,/nl/nl/p/undo-it/9200000093052283/,
/nl/nl/p/ketotarian/9200000089534907/,/nl/nl/p/intuitive-fasting/9300000007912705/,/nl/nl/p/intuitief-vasten/9300000032588098/,/nl/nl/p/the-inflammation-spectrum/9300000071109268/,/nl/nl/p/vegan-keto/9200000090970097/,
/nl/nl/p/skinnytaste-one-and-done-140-no-fuss-dinners-for-your-instant-pot-slow-cooker-air-fryer-sheet-pan-skillet-dutch-oven-and-more/9200000088478735/,/nl/nl/p/the-skinnytaste-cookbook/9200000024746293/,/nl/nl/p/skinnytaste-meal-prep-healthy-make-ahead-meals-and-freezer-recipes-to-simplify-your-life/9200000127187962/,/nl/nl/p/skinnytaste-fast-and-slow-knockout-quick-fix-and-slow-cooker-recipes/9200000054933306/,/nl/nl/p/skinny-taste/9200000048046673/,
/nl/nl/p/vitamin-c/1001004006212614/,/nl/nl/p/general-chemistry/1001004000578344/,/nl/nl/p/introduction-to-quantum-mechanics/1001004000578313/,/nl/nl/p/orthomolecular-medicine-for-everyone/1001004006212611/,/nl/nl/p/luck-of-the-draw/9200000081010151/,
/nl/nl/p/overcoming-multiple-sclerosis/9200000058172182/,/nl/nl/p/overcoming-multiple-sclerosis-cookbook/9200000063534032/,/nl/nl/p/overcoming-multiple-sclerosis-cookbook/9200000073613350/,/nl/nl/p/multiple-sclerose-zet-m-op/9200000127050563/,/nl/nl/p/diagnose-ms-wat-nu/9200000120682737/,
/nl/nl/p/complete-calisthenics-second-edition/9200000109127987/,/nl/nl/p/complete-calisthenics/9200000126238932/,/nl/nl/p/overcoming-gravity-schwerkraft-uberwinden/9200000089137441/,/nl/nl/p/calisthenics-training-for-beginners/9200000046313371/,/nl/nl/p/overcoming-gravity-schwerkraft-uberwinden/9200000078094049/,
/nl/nl/p/darmeuforie/9200000067170480/,/nl/nl/p/de-microbioom-oplossing/9200000073795112/,/nl/nl/p/the-microbiome-diet/9200000032303090/,/nl/nl/p/the-mind-gut-connection/9200000064818543/,/nl/nl/p/fiber-fueled/9200000124044375/,
/nl/nl/p/cleaning-up-your-mental-mess-5-simple-scientifically-proven-steps-to-reduce-anxiety-stress-and-toxic-thinking/9300000004631858/,/nl/nl/p/switch-on-your-brain-the-key-to-peak-happiness-thinking-and-health/9200000031673670/,/nl/nl/p/101-ways-to-be-less-stressed/9200000131604784/,/nl/nl/p/the-perfect-you/9200000095107307/,/nl/nl/p/think-learn-succeed/9200000085933788/,
/nl/nl/p/mindful-eten/9200000009984727/,/nl/nl/p/the-intuitive-eating-workbook/9200000063105173/,/nl/nl/p/the-mindfulness-based-eating-solution/9200000046818151/,/nl/nl/p/how-to-retrain-your-appetite/9200000095349858/,/nl/nl/p/the-intuitive-eating-guide-to-recovery/9300000013563427/,
/nl/nl/p/this-book-could-save-your-life/9200000116674865/,/nl/nl/p/dance-of-the-happy-shades/1001004001135883/,/nl/nl/p/this-book-could-save-your-life/9200000121570404/,/nl/nl/p/eat-to-beat-disease/9200000103048114/,/nl/nl/p/against-modern-football-eindhoven-heren-t-shirt-voetbal-psv-zwart/9300000027329648/,
/nl/nl/p/sibo/9200000131851356/,/nl/nl/p/sibo-made-simple-90-healing-recipes-and-practical-strategies-to-rebalance-your-gut-for-good/9300000002147703/,/nl/nl/p/the-sibo-diet-plan/9200000091956689/,/nl/nl/p/sibo-made-simple/9300000001964771/,/nl/nl/p/sibo-diet/9300000003444463/,
/nl/nl/p/gut-and-physiology-syndrome/9300000008459026/,/nl/nl/p/gut-and-psychology-syndrome/9200000046465021/,/nl/nl/p/gut-and-psychology-syndrome/1001004010936018/,/nl/nl/p/vegetarianism-explained/9200000076348554/,/nl/nl/p/the-heal-your-gut-cookbook/9200000027603819/,
/nl/nl/p/curate/9300000016477787/,/nl/nl/p/dr-fat-off-simple-life-long-weight-loss-solutions/9200000099503032/,/nl/nl/p/afvallen-met-gezond-en-vooral-lekker-eten/9200000091211115/,/nl/nl/p/intuitief-eten/9300000023544466/,/nl/nl/p/food-what-the-heck-should-i-cook/9200000106325723/,
/nl/nl/p/beyond-training/9200000102699277/,/nl/nl/p/voeding-en-sport/9200000057138174/,/nl/nl/p/the-world-s-fittest-book/9200000085201899/,/nl/nl/p/peak/9200000112188236/,/nl/nl/p/the-champion-s-mind/9200000032180007/,
/nl/nl/p/sugarproof/9200000128232246/,/nl/nl/p/aloe-is-geen-medicijn-maar-geneest/9200000058190227/,/nl/nl/p/the-dorito-effect/9200000046402219/,/nl/nl/p/dogs-that-know-when-their-owners-are-coming-home/9200000011096722/,/nl/nl/p/forensics/9200000050159034/,
